{
  "accuracy": 0.99,
  "precision": 0.9882697947214076,
  "recall": 1.0,
  "f1": 0.9941002949852508
}